cyc,A01~F1.1,A02~F1.2,A03~F2.1,A04~F2.2,A05~F3.1,A06~F3.2,A07~F4.1,A08~F4.2,A09~F5.1,A10~F5.2,A11~F6.1,A12~F6.2,B01~HP1,B02~HP2,B03~HP3,B04~HP4,B05~HP5,B06~HP6,B07~HP7,B08~HP8,B09~HP9,B10~HP10,B11~HP11,B12~HP12,C01~HP13,C02~HP14,C03~HP15,C04~HP16,C05~HP17,C06~HP18,C07~HP19,C08~HP20,C09~HP21,C10~HP22,C11~HP23,C12~HP24,D01~HP25,D02~HP26,D03~HP27,D04~HP28,D05~HP29,D06~HP30,D07~HP31,D08~HP32,D09~F1.1_td,D10~F1.2_td,D11~F1.3_td,D12~F1.4_td,E01~F2.1_td,E02~F2.2_td,E03~F2.3_td,E04~F2.4_td,E05~F3.1_td,E06~F3.2_td,E07~F3.3_td,E08~F3.4_td,E09~F4.1_td,E10~F4.2_td,E11~F4.3_td,E12~F4.4_td,F01~F5.1_td,F02~F5.2_td,F03~F5.3_td,F04~F5.4_td,F05~F6.1_td,F06~F6.2_td,F07~F6.3_td,F08~F6.4_td,F09~WGA,F10~WGA,F11~1ng/mkl,F12~1ng/mkl,G01~100 ng/mkl,G02~100 ng/mkl,G03~1ng/mkl,G04~1ng/mkl,G05~100 ng/mkl,G06~100 ng/mkl,G07~1ng/mkl,G08~1ng/mkl,G09~100 ng/mkl,G10~100 ng/mkl,G11~1ng/mkl,G12~1ng/mkl,H01~100 ng/mkl,H02~100 ng/mkl,H03~s1,H04~s2,H05~s3,H06~s4,H07~s5,H08~s6,H09~s7,H10~s8,H11~NTC,H12~NTC
1,1.69577937975736,1.7394806169315,1.71720155484272,1.66150389962077,1.67007276965492,1.68463984871297,1.71805844184613,1.71377400682906,1.68892428373004,1.72662731188028,1.71720155484272,1.66236078662419,0.237969687375363,0.285040614548511,0.253659996433079,0.277195460019657,0.183053605673356,0.149057936048304,0.34780185077938,0.086296699817439,0.099371957365534,0.243199790394601,-0.002615051509619,0.075836493778962,0.12552247246173,0.256275047942702,0.190898760202214,0.028765566605813,0.185668657182975,-0.067991339250104,0.04184082415391,-0.044455875663528,0.227509481336885,-0.039225772644291,0.436713602106435,0.065376287740484,-0.013075257548095,0.078451545288581,0.122907420952112,0.169978348125259,0.292885769077373,0.418408241539103,0.214434223788788,0.251044944923459,-0.50647368019813,-0.487909000478534,-0.03510694378587,0.055951597803845,-0.227059014980147,-0.243116100572951,-0.06107630914258,0.043779117416391,-0.18042024919412,-0.199083993620181,0.009968971601576,-0.072951978037227,-0.180580264273138,-0.212788804424433,0.059329038674883,-0.047088283390821,-0.180433051085951,-0.198213824868214,-0.087323057691334,-0.080025807089892,-0.175545941732767,-0.223061868468709,0.027255719204188,-0.075906016471937,2.06748403078314,2.35250197256673,-9.69264384644487,-5.83390279053603,-5.29724515700412,2.07589237569576,-3.14589426139223,-1.47011093155242,-3.89163854789438,1.13714732588166,-13.0560719424904,-12.3733456144563,-11.5418043211419,-10.4267230978527,-8.02046296018823,-1.5703752890633,3.01270063679982,-1.96963917362987,-9.67711558178688,-4.61429530209459,-2.39679988954512,7.21897777471924,-1.09960537136867,2.77925806441182,0.704013753211538,2.51319692484799,-78.3242832468145,-47.0215773671243
2,1.68892428373004,1.73690995592125,1.69063805773687,1.64865059456956,1.68721050972321,1.66578833463785,1.7103464588154,1.70520513679492,1.6923518317437,1.72662731188028,1.67778475268565,1.65464880359346,0.133367626990588,0.245814841904221,0.240584738884982,0.211819172279173,0.196128863221453,0.149057936048304,0.30857607813509,0.12552247246173,0.138597730009827,0.230124532846504,0.167363296615644,0.154288039067543,0.217049275298408,0.269350305490799,0.16474824510602,0.159518142086782,0.211819172279169,0.141212781519446,0.107217111894394,0.099371957365538,0.240584738884982,0.130752575480969,0.305961026625466,0.169978348125259,0.078451545288583,0.169978348125259,0.162133193596403,0.20920412076955,0.201358966240691,0.235354635865745,0.175208451144498,0.107217111894394,-0.315995968298663,-0.303384211124838,0.129458932635631,0.033568096976417,-0.160925324374747,-0.147102425972555,-0.038605359520689,0.048392415427473,-0.125658031807193,-0.117633259313606,-0.134308004229212,0.006481454818694,-0.104774033173194,-0.125041904345128,0.060391160414663,-0.04443528023143,-0.135020113571529,-0.123762280707449,-0.026270550848313,-0.0263728833728,-0.119308447698671,-0.126540274097039,-0.139902222829995,0.068184752254087,2.04267927295548,2.29435339953892,-3.48439587771977,-1.24398416082795,0.730443645147964,1.41237366908066,0.132623579108972,1.05530013090366,0.030955336660321,5.9473105073032,-6.0876587385054,-4.50940607968219,-2.08157984124145,-1.71844375647106,-0.610711680798298,1.19900760751718,2.13891798716789,5.01258712221648,-2.16039799831927,0.746831001009893,-0.319304277904133,0.262051531593229,0.106801627356336,1.72721461330119,1.27086222657337,1.27336755129346,-39.7144181445187,-30.4677624578449
3,1.68721050972321,1.75062014797589,1.6863536227198,1.64693682056273,1.67007276965492,1.6572194646037,1.67692786568224,1.67949852669248,1.68978117073345,1.69749315376418,1.65893323861053,1.62294398446712,0.002615051509619,0.010460206038476,0.044455875663526,0.015690309057716,0.026150515096194,0.005230103019239,0.09937195736554,-0.005230103019241,0.007845154528856,0.020920412076953,0.062761236230869,0.036610721134671,0.020920412076955,0.112447214913637,0.007845154528858,0.028765566605813,0.028765566605811,0.010460206038478,0.04184082415391,0.020920412076957,0.044455875663529,-0.013075257548097,0.005230103019239,0.013075257548097,-0.026150515096192,0.026150515096194,0.005230103019241,0.026150515096194,0.044455875663529,0.026150515096196,0.044455875663528,-0.010460206038478,-0.131511726837969,-0.163558958010871,0.108803062808266,0.251027804865749,-0.075210146224888,-0.068168625861109,0.12411285290581,-0.030137639162599,-0.075203625314792,-0.057329039543395,0.012781921390704,0.118190045594774,-0.063399526986035,-0.062387534866132,0.079754186689605,0.054474077125604,-0.061384437233325,-0.059019360552941,-0.007561901644356,-0.072414097073757,-0.053039094742891,-0.062654369478996,0.049141235580691,0.011703452237368,2.17152944721233,2.38484534269631,-0.929630015350716,-0.582795962633612,0.38213645482336,-0.051242141837973,0.246564857152951,0.325170990461343,-0.062574123430783,5.02515402255508,-1.82037038639701,-0.45824837646153,0.480298509361527,0.765717662219428,0.122610790538185,0.29887314296685,-0.301043398158316,4.65558655566779,-0.035668718500799,-1.58928566585678,-0.940417878035712,0.859981368318424,0.591464301720682,1.46891838480814,0.955607403978436,1.52701560144365,-23.2994224081481,-20.592605890612
4,1.69063805773687,1.75661835699979,1.6863536227198,1.62208709746371,1.65464880359346,1.64693682056273,1.68892428373004,1.67864163968906,1.66236078662419,1.68292607470614,1.6572194646037,1.61266134042615,0.015690309057716,-0.002615051509621,-0.020920412076959,0.002615051509619,-0.013075257548097,-0.007845154528858,-0.044455875663529,-0.005230103019241,-0.044455875663531,-0.031380618115434,-0.002615051509619,-0.002615051509621,-0.005230103019239,0.033995669625052,-0.018305360567336,-0.010460206038478,-0.023535463586576,-0.002615051509619,0.028765566605813,-0.031380618115431,-0.033995669625052,0,0.031380618115433,0.013075257548097,-0.013075257548095,-0.013075257548097,-0.007845154528856,0.013075257548097,-0.020920412076955,-0.013075257548095,-0.020920412076957,0.015690309057716,-0.005238133114133,-0.025642583505541,-0.016415033158388,0.009071049291332,-0.013509988975155,-0.028674789562434,0.040090326631187,-0.121870059598603,-0.004626461464486,-0.016637026716715,0.087962143050082,-0.004389986932016,-0.004131806304024,-0.026057239695363,-0.104570242284767,0.031949299065745,-0.011289092101965,-0.025942322579335,-0.055499843266567,0.107725216213577,-0.024241718925749,-0.008774694292365,-0.044940037923455,0.194352605838672,2.52944855574309,2.71969222852319,-0.279501948972871,0.361226857060626,0.373275112114,0.105482027061939,0.770456460902988,0.343985446506817,-0.147421523740461,1.33301688874273,-0.662105172290483,-0.375938803209636,0.733654592352654,-0.075160572339022,0.040544965666464,0.428186699751305,0.402262914917235,2.37167294516181,-1.51553924670964,0.776246156942723,0.370833674338964,1.09632894707672,0.7824412715038,0.767248515335377,1.54984053548011,0.79118920036941,-9.87402126256529,-13.6486828113748
5,1.71891532884955,1.79603515915686,1.68721050972321,1.639224837532,1.63751106352517,1.64265238554565,1.6863536227198,1.67264343066516,1.65979012561395,1.67521409167541,1.66493144763443,1.63065596749785,-0.036610721134671,-0.081066596798203,-0.086296699817443,-0.075836493778962,-0.039225772644291,-0.060146184721246,-0.122907420952111,-0.057531133211628,-0.044455875663531,-0.057531133211628,-0.067991339250104,-0.067991339250106,-0.096756905855917,-0.175208451144498,-0.070606390759725,-0.036610721134671,-0.075836493778964,-0.04184082415391,-0.036610721134671,-0.031380618115431,-0.099371957365536,-0.052301030192388,-0.177823502654118,-0.104602060384775,0.013075257548099,-0.065376287740484,-0.060146184721244,-0.091526802836678,-0.060146184721246,-0.091526802836676,-0.073221442269345,-0.062761236230865,0.187292140206703,0.189981000210198,-0.109346018901007,0.075863880415115,0.12029681544389,0.104192618203638,0.122592479522693,0.150552495530117,0.090499281116362,0.086026913641701,-0.032504751858698,0.103533934719875,0.082681284025569,0.089193959437451,-0.060100170220792,0.044792227414365,0.09364815233877,0.082997381072259,-0.041935629448869,-0.093389032202796,0.079558633545466,0.081435284633904,-0.061087117743311,-0.016282936093216,3.22805472468069,3.53258118816778,0.043365712440031,-0.181781323736676,-0.248906439782684,-0.239288957344761,0.633140113864644,-0.104827866222852,0.330630298168983,-0.929571766264087,-0.454656557754732,-0.582434141082403,0.14619145368873,-0.01817241198156,-0.749088427918429,0.178350476106781,0.382206741123419,-1.5264460247328,-0.611700735603303,2.68737475955404,-0.120838272070921,0.555285967376459,0.043672873354115,0.48558905212008,0.948200481746215,0.079612032563022,-8.04662935740271,-6.73789274090905
6,1.77546987107491,1.84487771835148,1.67435720467199,1.63151285450127,1.65036436857639,1.64779370756614,1.67350031766858,1.67607097867882,1.65979012561395,1.69492249275394,1.65807635160712,1.62037332345688,-0.115062266423254,-0.17259339963488,-0.177823502654121,-0.154288039067543,-0.169978348125259,-0.086296699817439,-0.240584738884982,-0.057531133211628,-0.057531133211628,-0.162133193596403,-0.159518142086782,-0.120292369442493,-0.135982678500207,-0.240584738884982,-0.083681648307822,-0.14121278151945,-0.141212781519448,-0.107217111894394,-0.141212781519446,-0.057531133211624,-0.151672987557924,-0.065376287740484,-0.16474824510602,-0.091526802836678,-0.052301030192386,-0.117677317932871,-0.099371957365534,-0.156903090577164,-0.16474824510602,-0.15690309057716,-0.125522472461731,-0.049685978682768,0.265453688044062,0.302604752431052,-0.10988733851573,-0.008530084044481,0.129348635562029,0.13975323176133,-0.088460302499012,0.129502539468497,0.114988846038978,0.105572420500886,-0.115111635715489,-0.043977594465618,0.089624073868815,0.124292719469173,-0.094875426934977,0.110896735625241,0.114045490568049,0.125726582767466,0.028524055429775,-0.028874874588738,0.117030627821845,0.116534044665626,-0.064984018072281,-0.147754745975793,4.18131832693048,4.55729170058809,0.318022196471312,-0.119134020041528,-0.047701342174215,0.020398979690919,-0.184435916839459,0.046708778920784,-0.001591624525553,-1.42221712981298,-0.115934623523682,-0.082822650941957,-0.309196743311614,-0.274120769359927,-0.046599012623471,0.174839136406537,-0.394218372424968,-1.30936802003558,-0.26107314027156,-2.51311849950909,-0.125475725464171,2.69141068620312,0.205675666850751,0.522686125282793,0.147520748712414,0.828838533453643,-6.82649417191305,-7.1819539426765
7,1.89457716454953,1.99483294394903,1.70006381477443,1.64865059456956,1.64093861153883,1.64693682056273,1.66750210864468,1.67007276965492,1.66578833463785,1.67692786568224,1.64093861153883,1.59980803537493,-0.115062266423254,-0.185668657182977,-0.230124532846509,-0.232739584356124,-0.20920412076955,-0.16474824510602,-0.29288576907737,-0.122907420952112,-0.135982678500209,-0.266735253981178,-0.251044944923459,-0.13336762699059,-0.214434223788788,-0.319036284173563,-0.109832163404016,-0.232739584356128,-0.141212781519448,-0.146442884538684,-0.141212781519446,-0.083681648307818,-0.177823502654118,-0.117677317932871,-0.203974017750311,-0.156903090577162,-0.026150515096192,-0.117677317932871,-0.086296699817438,-0.169978348125261,-0.203974017750311,-0.235354635865744,-0.164748245106022,-0.075836493778962,0.429904922491589,0.446327290445079,-0.085641959385727,0.011769825536514,0.21955894010536,0.201607157383826,-0.128147814826068,-0.063224540993114,0.191408094101164,0.156070536799331,0.073807621254935,0.025333793061907,0.169550826070947,0.176940859516755,0.002716770671752,-0.118637066664076,0.16574439689986,0.165689958868533,0.085657212982248,-0.088959737732714,0.176100638965557,0.185448719196258,0.090147386164494,0.086134532091148,5.27046675221124,6.57172944997141,0.027796166059109,-0.079741803165816,-0.393472955791602,-0.279840893753016,-0.197897832837903,0.064109325983407,0.088488727587504,-0.964767665436482,0.028841147545337,0.288729965404328,-0.137078362686189,-0.108590255349069,-0.008750019321974,-0.12833809043671,-0.141391417518601,-1.11383405557527,0.637321386278865,1.27223721708927,-1.57278098579214,-3.00534320854658,0.239682593721339,-0.009784989229114,-0.573014005928527,-0.327221522795759,-2.73008928967192,-2.64437287358896
8,2.14307439553974,2.26132480201095,1.72062910285638,1.6572194646037,1.6452230465559,1.62465775847395,1.67264343066516,1.66493144763443,1.65807635160712,1.66493144763443,1.65036436857639,1.60237869638517,-0.088911751327061,-0.224894429827268,-0.282425563038896,-0.232739584356124,-0.20920412076955,-0.16474824510602,-0.319036284173563,-0.149057936048306,-0.135982678500209,-0.292885769077371,-0.29027071756775,-0.185668657182977,-0.227509481336885,-0.436713602106435,-0.162133193596403,-0.298115872096612,-0.258890099452319,-0.237969687375365,-0.193513811711833,-0.096756905855915,-0.2562750479427,-0.196128863221453,-0.269350305490795,-0.196128863221453,-0.091526802836676,-0.183053605673356,-0.125522472461728,-0.248429893413842,-0.295500820586989,-0.222279378317646,-0.203974017750313,-0.075836493778962,0.524076452843174,0.591304053966003,0.090044830800656,-0.049951985678316,0.237600995872704,0.258180876740321,-0.00858625971936,-0.139883591935326,0.210114588619826,0.193493842756176,0.013097986173662,-0.064208859741508,0.187444031996928,0.208242393343806,-0.03802249633507,0.031955920838801,0.195506550363016,0.19741230133409,-0.000153641030988,-0.084709137356015,0.180408441291213,0.220547479227979,0.027578435491165,-0.069640197298418,8.52263644633917,9.55931802186446,0.119917021062613,0.301975306102396,-0.349818866708653,0.216049012841153,-0.175492300289666,0.141607420018427,0.214025775913381,-1.05922873289878,0.202298713586234,-0.11237282079715,-0.022510844485834,0.351664642222053,-0.024336241421973,0.253892393435632,0.354982319352675,-0.850082053931208,3.88407674842038,3.1582082712705,0.266965740460114,1.52177481327002,-0.026985967777454,0.11366183961402,-0.245101994790754,-0.542597362030233,1.24895008263866,-4.75822499831202
9,2.59294007233237,2.79173785712454,1.76518722703393,1.71891532884955,1.62979908049444,1.63151285450127,1.67692786568224,1.67092965665833,1.65464880359346,1.68121230069931,1.65464880359346,1.60323558338859,-0.062761236230867,-0.120292369442493,-0.230124532846509,-0.206589069259931,-0.183053605673356,-0.138597730009827,-0.345186799269757,-0.096756905855918,-0.057531133211628,-0.266735253981178,-0.277195460019653,-0.13336762699059,-0.214434223788788,-0.384412571914047,-0.149057936048306,-0.258890099452322,-0.245814841904223,-0.237969687375365,-0.115062266423252,-0.044455875663528,-0.217049275298408,-0.183053605673356,-0.151672987557924,-0.196128863221453,-0.065376287740482,-0.196128863221453,-0.020920412076953,-0.222279378317648,-0.243199790394601,-0.222279378317646,-0.177823502654119,0.028765566605813,0.713491830511288,0.772821906860537,0.039990193535233,0.003680158680082,0.321776750814319,0.314754587527947,-0.08229327669462,-0.01006063484161,0.249002837166579,0.216308047916326,0.001790647839907,0.042111577898695,0.23847071047456,0.245855534047387,0.139045785799639,0.08757076356231,0.242458911085682,0.224957670981673,0.062965395708186,0.069613993409274,0.226496040218903,0.250617469347112,0.046376961499647,-0.059949834387928,13.8082503940361,15.2517352616488,0.185716124782645,-0.278465105351638,0.330851366009646,0.32034930398218,-0.005038858200162,-0.093695312833782,-0.308243242357893,-0.986193846352463,0.200864564760587,-0.085526395409176,0.272200543539448,0.043773026746236,0.368640297436812,0.205155113635237,0.223930268191763,-1.18046518946479,-0.25626685926003,2.3625770112497,1.6389727227651,0.548658464259596,-0.494907644583673,-0.557984500905878,-1.05305695876405,-0.722163873179165,-1.12414877260517,3.15424741999186
10,3.42497735264788,3.71888959481906,1.86544300643343,1.79603515915686,1.64436615955248,1.64693682056273,1.67607097867882,1.66493144763443,1.64950748157297,1.67607097867882,1.66150389962077,1.604092470392,-0.036610721134671,-0.094141854346299,-0.203974017750315,-0.16736329661564,-0.143827833029065,-0.112447214913633,-0.33211154172166,-0.083681648307822,-0.057531133211628,-0.214434223788791,-0.224894429827266,-0.081066596798203,-0.135982678500207,-0.384412571914047,-0.083681648307822,-0.219664326808031,-0.167363296615642,-0.159518142086782,-0.075836493778962,0.020920412076957,-0.112447214913633,-0.091526802836678,-0.020920412076955,-0.052301030192388,0.09152680283668,-0.052301030192388,0.070606390759725,-0.104602060384775,-0.16474824510602,-0.143827833029064,-0.086296699817441,0.107217111894394,1.0142317140502,1.11579386909962,-0.188223810426179,-0.042054094474029,0.384954746803361,0.384474950063539,-0.022371140485485,-0.055920195104486,0.302348783145392,0.257066769396222,-0.10186490773048,0.081558758092698,0.246711752678939,0.297220828562158,0.189992073970506,-0.057055806007562,0.262856249314962,0.256680013447231,0.051456567001025,0.033614392263519,0.269751104899236,0.286947773086752,0.053665689110064,0.07270697375295,22.7734454844994,25.2312030870026,0.117806165374981,0.00073934328943,0.065474301268182,0.087394463078169,-0.245177406299826,-0.18785024470649,-0.079596540956676,-0.415886516853393,0.403377078441909,0.190684150728392,-0.090125627493262,0.316320529259638,-0.185328358299168,-0.16479591736539,-0.035118930252683,-1.00379859936889,0.28694634558196,0.046583607496794,1.10892484301918,-0.147140415448671,0.46643219118561,-0.611670010376716,-1.25022167034812,-0.01568034793035,0.617702138127243,-1.35937328207638
11,4.77714504403601,5.33926291827594,2.03510663310951,1.98369341290464,1.65293502958663,1.66578833463785,1.66835899564809,1.67778475268565,1.63065596749785,1.66664522164126,1.66664522164126,1.6100906794159,0.198743914731072,0.101987008875156,0.057531133211626,0.081066596798201,0.078451545288581,0.135982678500207,-0.096756905855917,0.177823502654118,0.230124532846504,-0.018305360567338,-0.002615051509619,0.141212781519446,0.112447214913633,-0.070606390759723,0.230124532846504,0.028765566605813,0.081066596798199,0.088911751327058,0.172593399634878,0.269350305490799,0.096756905855917,0.130752575480969,0.253659996433079,0.078451545288581,0.287655666058132,0.117677317932871,0.240584738884984,0.091526802836678,0.057531133211626,0.065376287740486,0.057531133211624,0.29027071756775,1.50745990915339,1.72396128791542,-0.088543400408511,-0.062998667641169,0.43606365215784,0.470580877255824,0.134738916489897,-0.091035176434464,0.302348783145392,0.274944568493881,-0.164067465404593,0.044277961090669,0.272902435387344,0.304763987715476,-0.116341679819331,0.085951426919229,0.264395672523206,0.285580078602862,-0.022124248681082,-0.028298904559339,0.246677802815864,0.314503373965156,0.049408686309804,0.046820541751089,36.9005559695474,40.0967546092764,0.062784780543558,0.579799163223445,0.167124666294364,-0.073380082486848,-0.351287966571256,0.059646591183091,0.008155333095429,-0.755164510888694,0.096530322686474,0.154598271963814,-0.119779252465385,0.111362839790683,0.31108682263592,0.031248179864642,0.10494259970669,-0.966174251441927,0.049665249426901,0.346782525954779,-0.473222273623795,2.46258041160302,-0.575538087779703,0.346423138364846,-0.886189887113565,-0.578115082572344,1.87875608572404,-1.93508413049631
12,6.71370967175284,7.71026925672394,2.40528181858459,2.33587397130801,1.70006381477443,1.70691891080174,1.67435720467199,1.69320871874711,1.65036436857639,1.67607097867882,1.66407456063102,1.60237869638517,0.577926383625883,0.507319992866158,0.619767207779791,0.551775868529691,0.549160817020072,0.593616692683601,0.334726593231283,0.661608031933701,0.674683289481798,0.400102880971764,0.507319992866161,0.611922053250933,0.570081229097027,0.373952365875574,0.674683289481798,0.407948035500622,0.512550095885397,0.546545765510448,0.669453186462559,0.726984319674188,0.515165147395016,0.627612362308652,0.828971328549344,0.562236074568168,0.732214422693427,0.601461847212459,0.724369268164569,0.575311332116261,0.55439092003931,0.457634014183393,0.489014632298822,0.787130504395434,2.4878817926024,2.87680028446181,0.088515835420269,-0.114283028002227,0.568392617837575,0.65120838170946,0.041233174899315,-0.151089587048894,0.367201881830799,0.358063001993112,-0.016032642893708,0.039382008343689,0.299093118095749,0.376193042917967,-0.121528495208029,0.079729376020631,0.328602387066457,0.353145276067296,-0.026613073426281,-0.045422169014261,0.315897709065982,0.398504358233553,0.107330431838803,-0.075650170646592,55.2481716851234,58.2600522736055,-0.279664642690282,0.11218735308861,-0.295152512992084,-0.093859986066794,-0.202261979203412,0.207731914090302,-0.087391868027371,-1.02713402888657,-0.09153515504988,0.271743518088359,-0.35681793531224,-0.351517930691697,0.431281939290099,-0.439112557350908,-0.039337396082574,-1.06306815774061,2.60364611107894,-1.89283674772966,3.07935932514877,-0.754592827376607,-0.122733420997155,-0.001429932069599,-0.834900050401903,-0.864027184140027,5.80698318069835,2.08040463828365
13,8.65370184748334,10.2303739337661,3.0488039581489,2.95026195275623,1.7574752440032,1.77289921006466,1.69063805773687,1.6863536227198,1.6572194646037,1.66750210864468,1.65464880359346,1.604092470392,1.42781812425218,1.48796430897342,1.80961564465661,1.55857069973316,1.59518142086783,1.60041152388706,1.39382245462713,1.58995131784858,1.64225234804097,1.34152142443474,1.57949111181011,1.57949111181011,1.56380080275239,1.45919874236761,1.72070389332955,1.45396863934837,1.48011915444456,1.50103956652152,1.82007585069509,1.66840286313717,1.48273420595418,1.58210616331973,2.08419605316665,1.6736329661564,1.77823502654118,1.63440719351211,1.69193832672374,1.62133193596401,1.69193832672374,1.46442884538685,1.56118575124277,1.7808500780508,4.30137287110966,4.92581888080864,0.180279953587497,-0.071600305109912,0.788673827998114,0.899760093575351,-0.109421536606795,-0.171680098286297,0.432054971947336,0.406893410530032,-0.040460794867839,0.208213742903135,0.363203544246426,0.402517117226193,0.059858467965544,-0.14392508272083,0.374079462573085,0.377981271836523,-0.013355767834916,0.129527185425829,0.386474872916288,0.419799662629191,-0.096281578070153,-0.117042733299864,72.9598486369758,74.7795149970516,-0.032364737694616,0.091885854373799,-0.09431022575194,0.355889800012968,-0.089467129721139,0.27527102835373,-0.149248275856401,-0.215917689488134,0.081534395861415,0.356500218744745,-0.393020620416289,0.368605167858816,0.282723468918192,0.069013735900771,-0.601573830226375,-0.868323864725103,1.38303869633484,-2.73722970477036,0.644805024019195,-0.602783750473653,-0.781535431435713,-1.39288204808509,0.284636232635159,-1.07125035468891,1.65898651102998,4.87388767016546
14,10.3614776452885,12.5148346848692,4.14390554851267,3.99909164493561,1.87829631148465,1.89714782555977,1.70777579780516,1.72234287686321,1.6632176736276,1.69406560575053,1.6512212555798,1.59980803537493,2.99684903002381,3.26619933551461,4.07163520047737,3.4544830442072,3.54339479553426,3.49632386836111,3.36818634438976,3.39433685948595,3.56431520761121,3.1982079962645,3.7107580921499,3.39695191099557,3.42048737458214,3.52508943496693,3.57739046515931,3.38910675646671,3.29757995363004,3.42310242609176,3.95134283103488,3.51201417741883,3.32634552023585,3.50416902288997,4.43774241182408,3.62184634082284,3.58262056817855,3.56954531063046,3.53554964100541,3.50416902288997,3.67937747403447,3.24266387192803,3.39172180797633,3.58523561968817,7.54485625230378,8.67393606870265,0.139254525763357,-0.031889377822464,1.17208023996839,1.30961192362241,0.11069158668552,-0.1014349349178,0.49974059631123,0.467197638869113,0.218601835808353,-0.024687758186142,0.387360499909797,0.430688485674121,0.059149109674711,0.044579629251146,0.385047847576282,0.412412996749307,-0.143556425153747,0.058385707351327,0.405240372674005,0.433603118265275,0.035694604426675,0.138279459145948,87.4597636182128,87.5636394619346,-0.155130794502032,-0.236829458163975,-0.208110970067809,-0.156833998716238,-0.334149589085386,-0.440575181711566,-0.009886523985593,-1.1284946995072,0.074487288933558,0.84006638109129,0.299903268080331,-0.154713880918192,0.037150269441021,-0.266236820146234,-0.090039951975874,-0.604440501798434,-1.03685520871345,-0.329205366083098,-2.1326385636544,0.574053370762023,-0.994386741176269,-0.370579110714278,-0.487880064128974,0.842388335848547,0.344884367773375,-1.22151010155903
15,11.7830531839532,14.3554279682036,5.81226454416076,5.6083254373481,2.10794202839974,2.13878996052267,1.74119439093833,1.78746628912271,1.67864163968906,1.6983500407676,1.66064701261736,1.6160888884398,5.37654590377745,5.94662713287447,7.49735267807875,6.33103970478852,6.39380094101938,6.33365475629814,6.37549558045205,6.1401409445863,6.28396877761537,5.85248527852817,6.88804567633745,6.14275599609592,6.28396877761537,6.65007598896208,6.48009764083683,6.18721187175945,6.04338403873038,6.27350857157689,7.14170567277053,6.34934506535585,6.0721496053362,6.35457516837509,7.92883617716596,6.62915557688513,6.36765042592319,6.55070403159655,6.26827846855765,6.35457516837509,6.85666505822202,6.00154321457648,6.16367640817287,6.35719021988471,13.5535579175444,15.5935675638299,0.059112614164221,0.033712563544937,1.90970577022978,2.18753634272003,0.096917202527038,-0.163646461471405,0.61795950361619,0.599146480905264,0.053804352528461,0.072526770017102,0.436190908446717,0.500270246736911,0.167425595874587,-0.009222932790985,0.428857223890254,0.451021677342325,0.086676573705271,0.117285084475001,0.422530595784553,0.497489022883318,0.137429832912125,-0.060689124044161,96.3730342986571,94.0823960016152,-0.050040419828523,0.084531809993388,0.143341837153471,0.060710326906126,0.053088131599847,0.014351410732417,0.255450148558141,-0.742796396156892,0.174176737997611,-0.150611778556017,-0.210015085152944,0.315515044552044,-0.089444104398667,-0.38116160176829,0.205189045444479,-0.527202088136218,0.455018407837223,0.880982977964863,0.443443285788717,-0.010083423448167,0.22428526721736,-1.05923913673743,0.141953581027385,0.166509325744882,4.41762326651588,-0.993439963963283
16,12.8558757122282,15.6801752754825,7.64257518345419,7.3717988903752,2.51324958101482,2.53638553010701,1.81745733424222,1.82431243026953,1.67778475268565,1.69577937975736,1.66493144763443,1.60323558338859,8.35770462474354,9.29389306518726,11.7468113812103,9.87443450032274,9.88489470636126,9.86397429428431,10.154245011852,9.56585842218769,9.70968625521679,9.19975121084097,10.875999228507,9.47694667086066,9.7881378005053,10.4811264505545,10.010417178823,9.75675718238993,9.44295100123562,9.79075285201497,11.1688849975844,9.9058151184382,9.6024691433224,10.0156472818423,12.3090474557784,10.3425287205447,9.83259367616886,10.1987008875156,9.72014646125522,9.97642150919796,10.8184680952954,9.44033594972595,9.72014646125522,9.67830563710133,23.4734021451529,26.7206626328448,0.174388359739176,0.097977089718883,3.26303526329262,3.77793111446991,0.146503546831034,0.041033820640383,0.809611741962367,0.786520068221641,-0.027027518524519,-0.112440479319177,0.478550620466052,0.505889120453271,0.053189282768055,-0.021846419442462,0.468048330579493,0.468914883268306,-0.033578680355851,0.13859959943897,0.460002590060932,0.48994587229887,0.025270860556276,0.039441121024683,97.643107572935,93.0074210582674,0.234444685036261,-0.1721013494074,-0.012289310173192,-0.132078893751212,-0.306443459877382,0.401602263346366,0.112878145990815,0.01922236595722,0.396804633722626,0.550277743598036,-0.41848516151795,-0.254870983195314,-0.008878877644624,-0.21307612847334,-0.038588156296175,-0.163776810988053,-0.457989723374717,0.595039181095075,2.55482267542626,-0.653658665039389,-0.06024637303444,-1.43899855347937,-0.686504773056238,0.195027006216003,0.864203513590837,-1.81824080822207
17,13.7350417777315,16.7769906398531,9.38634023540276,9.02816146797549,3.20732805378059,3.28530477109131,1.91942688764855,1.94770415876123,1.67949852669248,1.70863268480857,1.66664522164126,1.61437511443297,11.665744784412,12.9288146635582,16.4146783258809,13.7054849619152,13.7290204255017,13.6819494983286,14.2991016545988,13.2661563082991,13.4884356866167,12.9392748695967,15.2431352495714,13.2426208447125,13.7107150649344,14.8090366989746,13.8153171253191,13.6531839317228,13.1955499175394,13.7002548588959,15.6275478214854,13.6976398073863,13.4073690898186,13.898998773627,17.0161401730933,14.3566327878104,13.5590420773765,14.1474286670408,13.3942938322705,13.8074719707903,15.1202278286192,13.1667843509336,13.5119711502033,13.3263024930204,37.7797907015106,42.3227862819547,-0.001951954788208,-0.044596621611269,5.77231061095447,6.74787774110355,-0.069813412288149,0.013505063418096,1.12278039445552,1.19457579455859,-0.008879284776256,-0.057154492459143,0.509503229905312,0.59609909937954,0.084711823844638,0.107308715766141,0.464905346170799,0.48409870674706,0.006265084707149,-0.119869687812554,0.449911708762452,0.521888820323457,0.063769465126356,0.00336611657425,90.9085640869294,84.8545455504406,-0.135602385543779,0.057727784531518,-0.297171846027981,-0.10495296034042,-0.088098610343248,-0.083198891838244,-0.22083816814384,-0.681736141303793,-0.013365596821767,-0.168933175766315,0.009730187483531,0.07931661560007,-0.166910467744058,-0.263958152779641,-0.234427065049928,-0.294874748679819,-1.27703534863914,-2.40339330022092,0.819842044442284,0.06914383697401,-0.227420295621093,-0.134304507199366,0.531571615891021,0.077177278130332,3.74506463235912,2.81983099201352
18,14.4188376064563,17.5550440389535,10.922738632525,10.486583147787,4.29129011309997,4.48408968886824,2.16792411863876,2.2176235648368,1.72748419888369,1.74119439093833,1.66750210864468,1.62637153248078,14.895333398792,16.5898867770253,20.9125669224261,17.4711591357671,17.4423935691612,17.4345484146324,18.4178077822493,16.9664541944106,17.162583057632,16.5349706953233,19.5318197253471,16.8906177006315,17.5025397538825,18.8754417964327,17.5548407840749,17.3534818178342,16.8827725461027,17.4267032601036,19.8639312670688,17.4894644963344,17.10766697593,17.6123719172865,21.6578566026677,18.2007585069509,17.141662645555,17.939253355989,16.9638391429009,17.546995629546,19.265084471366,16.8278564644007,17.1468927485743,16.8043210008141,54.4905491944416,60.0328997052083,0.016257055350769,0.006394709603588,10.3855182442657,12.1340855566164,-0.007529150090841,-0.07409770109873,1.72355825111337,1.92033061209557,0.095115156094805,-0.166277917540015,0.581214560824468,0.669375457290603,0.117538359464391,-0.104514009296504,0.480556130222064,0.486864540910072,0.129013612894247,0.019403616834973,0.460002590060932,0.516269946607097,0.003514127721711,0.065600670813391,78.5442861708192,72.3728393769434,-0.621726379821576,-0.003350223800382,-0.00241226978601,-0.044670087708785,-0.36433316955859,-0.280232472762846,-0.225886911135583,-0.084494697660288,0.387588342042598,0.001248127005785,-0.52637515136661,0.014493969654918,-0.173250717160647,0.093627194567931,-0.083960935846312,-0.476947084591333,1.69251749584037,-0.527444060888486,0.362161098378173,-1.5075316758931,-0.313377508548704,-0.850164040589598,0.282603949059333,0.111016134845569,-2.13371495421734,-0.914292264660617
19,14.9158320684367,18.130872105248,12.1549421434351,11.6373823933727,5.5731930702081,5.94336825568318,2.56037836620262,2.63749819650992,1.75319080898613,1.78918006312954,1.68206918770272,1.62808530648761,17.7457395442771,19.7148733310205,24.9005204745958,20.6745972350508,20.6719821835412,20.624911256368,21.9873530928797,20.13066652105,20.3790964144638,19.6599572493185,23.3497949293915,20.0809805423672,20.8628809437434,22.5234386523518,20.7975046560029,20.6745972350508,20.1908127057712,20.7870444499645,23.7211322437574,20.7452036258105,20.3764813629542,20.9988636222437,25.881164790703,21.6526264996485,20.3581760023868,21.2865192883018,20.2065030148289,20.9204120769551,23.0569091603141,20.0574450787806,20.3895566205023,19.8639312670688,70.477679140677,76.1642931850673,-0.000947221748476,0.016426175312905,18.7429738179136,21.793095779669,0.021288930297467,-0.0662679675468,3.02299006579363,3.3839478548749,0.026498869688676,0.006040190866432,0.81415964402638,0.91752986492849,-0.098725057914007,0.058377070170036,0.579271543837616,0.591627280312561,-0.042815356615711,0.057662616340099,0.55937712115951,0.587699001809588,0.107692648556512,-0.040324446831935,NA,NA,-0.19406006778955,0.216538894791569,-0.325045680068833,-0.196366929188873,-0.037386069483841,-0.307698926931649,-0.34435607299639,-0.056716301910941,-0.099554214899149,0.143874192668109,-0.028072962040297,-0.234240378105182,0.12426075391358,-0.213770618053922,-0.187965577316987,0.256973538592644,0.117574207990889,2.94233848831921,-0.351514558503599,-1.38174979527446,-0.010651215597043,-0.302399639102344,-0.657290454417762,0.517503830869849,0.647555538729648,1.26501122555828
20,15.3468462311542,18.6064443921431,13.2097700446384,12.6365126393541,6.79254327606698,7.38465219542642,3.25274306496156,3.37356413244301,1.80203336818076,1.84145017033783,1.68035541369589,1.63322662850809,20.1515869331269,22.4345269010246,28.3262379521971,23.5250033805359,23.4831625563821,23.5276184320455,25.1907911921635,23.0202984391794,23.2164273024009,22.4580623646113,26.65783508906,22.8529351425638,23.7002118316804,25.7007262365393,23.5825345137476,23.5250033805359,23.001993078612,23.6505258529977,26.9114950854931,23.504082968459,23.2268875084393,23.8623450252769,29.4376348437853,24.555333675326,23.0255285421986,24.150000691335,22.9392318423812,23.6792914196035,26.1426699416649,22.7117223610443,23.1092101905065,22.4136064889477,81.2379030691067,86.3430721271885,0.073295613144139,0.062858241427889,31.502794210833,35.9816936922772,-0.05530558858123,0.109018231796762,5.33215089324952,6.03307180582156,0.097623451179782,0.147305604893025,1.10900993753794,1.20694070829334,-0.071169544007722,-0.068586360289286,0.624684489920908,0.608182594284631,0.108461922535833,-0.15892367082608,0.560852397806679,0.58015584265627,0.198325014928513,-0.020006746522609,NA,NA,-0.333916082663709,0.049798935068263,0.168170069150198,-0.156895361055932,-0.012771825272214,-0.616349720514247,-0.300979348366468,-0.380192246061119,0.197074569231021,-0.394734773821916,-0.465428316540421,0.105417623487868,-0.3335066903358,-0.41472370366099,-0.374084400456485,0.323737034475115,0.166899300528331,2.40856527565548,0.110330407565026,2.1916583424492,0.270849509252502,0.087968448254333,0.600218487953401,-0.727518057773461,3.88491405511786,3.5375047807056
21,15.6450429083425,18.9106392783553,14.0863654491315,13.4728343546867,7.98618687182342,8.73596299981114,4.19960320373461,4.50808252496384,1.97084010785342,2.00597247499342,1.70691891080174,1.65979012561395,22.2567033983705,24.774998002134,31.3727729609037,25.9962270571262,25.915160460328,26.0380678812802,27.96274579236,25.4522963431255,25.6745757214431,24.8769850110091,29.5997680373818,25.3633845917983,26.2891128262036,28.5380571244763,26.0799087054341,25.9047002542895,25.4339909825581,26.0694484993956,29.735750715882,25.9622313875012,25.6588854123854,26.2681924141267,32.5626213977805,27.0527078670125,25.4183006735003,26.7389016858582,25.3843050038753,26.1505150961938,29.0192266022462,25.1437202649903,25.5019823218082,24.6625507872204,87.0191236682425,91.3512338216563,-0.033989150775577,-0.07482152707875,47.713392369923,53.1475450012547,-0.156931609582652,0.015546427512016,9.50420072401193,10.8336598815452,0.060470836641326,0.003901889808417,1.57162239118952,1.81785928279778,0.062963264682855,0.038901960519408,0.676383396252718,0.647468746880289,0.006843622015369,-0.016064690367695,0.560852397806679,0.555756045216131,0.038185029653246,0.030201538265678,NA,NA,0.070378187849443,-0.26777964113253,0.542313214570585,0.111720428099569,-0.267686095004594,-0.283683526777704,-0.157536016598089,-0.15053557605944,-0.73615364008853,-0.186656077134026,-0.158126555863169,-0.248672988281133,-0.223212513002545,-0.898239488669195,-0.24797134706676,0.27467149006551,-0.410807682985582,1.1904442346817,0.761514596977986,-0.282267819135046,-0.053183683942993,-0.475604903881491,0.084779085289809,0.276216504481901,1.47926655201218,1.15082082377876
22,15.7847154898991,19.0554531819323,14.7341720237128,14.046091759971,8.96218116871257,9.84477478222954,5.23815025187302,5.77199085500028,2.18677563271388,2.28703141211338,1.72662731188028,1.67264343066516,24.1133899702003,26.93241549757,34.1316523035521,28.2843971280432,28.1771800161488,28.2870121795528,30.4862704991427,27.6620148687538,27.8450684744272,27.1128540517337,32.2409700620973,27.5208020872343,28.5511323820244,31.1269581189995,28.3157777461587,28.1667198101103,27.6829352808308,28.3053175401201,32.3508022255014,28.2504014584182,27.9862812559466,28.5563624850436,35.5176296036504,29.4324047407661,27.6018686840326,29.000921241679,27.5286472417633,28.3733088793702,31.542751309029,27.3272882755225,27.633249302148,26.5715383892425,91.0212917088978,95.1223355981222,0.027204995536179,0.025874696352301,64.7947431980601,70.0127642916293,-0.005167796260448,0.077166227356992,17.0706003237922,19.492127768817,0.040516234758266,0.073933150585265,2.590560951274,3.09976684138913,-0.04089605086598,-0.104427179284093,0.851140770582852,0.860409888676188,0.176447209876844,0.131858881542427,0.622813948436804,0.627185108987492,0.053029343955341,0.149896463557146,NA,NA,0.013932100405158,0.389874082979861,0.57796111885533,0.205556225173684,0.01460800567602,-0.651941947022005,0.173592769824562,0.494974845716755,0.077299687841599,-0.391626859705664,0.518741469889893,0.212981836828496,0.161630455305706,0.026173555228434,0.212984412874618,0.80109835262056,-0.98217699028653,0.801782424169383,1.74505722847703,0.139133774788618,0.457383071772859,0.181894355702709,0.852530504908586,0.034028535200163,3.36211884306204,1.5881523942594
23,15.991225257722,19.2482527577006,15.2962898979528,14.5636515100334,9.8310645901749,10.8284810621494,6.17301397259828,6.96135001573964,2.60579337738359,2.77631389106308,1.78918006312954,1.7043482497915,25.7739476788086,28.8544783571403,36.5636502074982,30.271836275354,30.1253933908153,30.2613760693155,32.6436879945787,29.6102282434202,29.8978839094783,29.0741426839483,34.6468174509472,29.4167144317084,30.5516467868832,33.2451498417911,30.2770663783731,30.0626321545844,29.5788476253048,30.2143051421423,34.6520475539664,30.1986148330846,29.8691183428725,30.4784253446139,37.9888532802407,31.4067686305287,29.4847057709585,30.9622098738934,29.4114843286891,30.4130490568734,33.8701471525902,29.2232006199966,29.5553121617182,28.258246612947,93.1085267201052,96.7482237606444,0.103751995493534,-0.086174905945452,77.8188839774106,82.1248952978339,0.134022122068267,-0.21318225876094,28.9769688190542,32.3620081423185,-0.028590685036545,-0.005135424153669,4.46290768207219,5.42864941165418,-0.063887982641379,-0.038132474378774,1.0946393083943,1.13541299969014,0.035432167060148,-0.053013564730382,0.644950167462113,0.683527854452217,0.116703789544969,-0.068608774368368,NA,NA,0.12658695547245,-0.208973295154253,1.25149562659018,0.912099821599516,-0.048987433673904,0.010975117257316,0.578366761469714,0.860816407682835,0.075471429200431,-0.08677038546357,0.869376553493783,0.70061508143462,0.029515139081765,-0.015013828318332,0.776176734887293,1.7360841867041,-0.380112328471758,-0.471452516037736,1.48496696746452,0.044481274430559,0.288369106586755,0.861529919526255,0.102791048580791,-0.101206763362414,3.57970363531467,-1.31348860792423
24,16.0889103761112,19.3056641869294,15.6921716935303,14.957819531604,10.6296832773572,11.7196435457005,7.12844298140548,8.11643369634243,3.25617061297522,3.58778588329664,1.88857895552562,1.80717469020124,27.3822043572245,30.6850144138738,38.9956481114442,32.1808238773761,32.0343809928374,32.1965141864338,34.8926322928514,31.597667390731,31.7676457388562,31.061581831259,36.9742132945084,31.3257020337306,32.4737096464534,35.4417931098714,32.2383550105877,31.9193187264141,31.4355341971345,32.0709917139721,36.8879165946909,31.9637746020777,31.8042564599909,32.3743376890879,40.5123779870234,33.3549820051952,31.3283170852401,32.9104232485599,31.281246158067,32.2697356287032,36.0406399055743,31.1321882220187,31.3073966731632,29.7749764885263,94.2712145873537,97.9839519905543,0.083432839522592,0.120540769065714,85.4752412286013,89.4726847285057,-0.105595178077135,-0.158414333576992,44.6626279314301,49.029653333955,0.067668707983271,0.023555309671244,7.91161670879477,9.72843921830051,-0.125410781900105,-0.131010306408486,1.5814465064261,1.6977808193001,0.007300107760968,0.086979209464199,0.647131004867893,0.73055712078344,-0.058175157964518,-0.007023119283904,NA,NA,0.12885429386894,-0.194137144335984,2.02527709218993,2.46153944790348,0.024212658503836,-0.339841671808883,1.38927230379145,2.02446168912233,-0.154382309262756,0.415966257970698,1.98472827950591,1.94122438576427,-0.169190648909965,-0.582537590996552,2.78051390259963,3.83878109330501,-1.81017717168057,0.28769027016979,0.372096743377154,-0.723779213697189,0.820136576518434,-0.139558106893321,-0.371913025715401,-1.3187497839667,2.86678341937704,2.19674091167735
25,16.0854828280976,19.2773869158167,16.00579233678,15.2380215817206,11.2252197447303,12.3520261542205,7.94505629565952,9.0761471401667,4.04279288210975,4.62547604443163,2.04281861614024,1.93228019269977,28.6505043393899,32.2148195470011,41.0092377738511,33.7367795255996,33.5641861259647,33.8570718950421,36.723168349585,33.1274725238583,33.349751902176,32.5783117068382,38.8962761540786,32.9078081970502,34.0950415824175,37.2069528788645,33.7943106588113,33.4491238595415,33.0699413906467,33.6530978772918,38.7315279089726,33.5197302503012,33.4125131384068,34.0087448826,42.7220965126518,35.0678407439959,32.9104232485599,34.544830442072,32.8502770638387,33.8910675646671,37.8581007047597,32.6750686126942,32.7587502610019,31.095577500884,95.5025432166333,98.9267274346708,0.005908105332369,-0.05028000222879,90.2450997254349,93.7657751611998,0.132085831522158,0.066607633660244,61.5388678769151,65.671555197881,-0.023635757114393,-0.071662544385212,14.312896853077,17.5321217032224,0.010228743130112,-0.148203195742605,2.57129415548154,2.73988004109795,-0.019673122033833,-0.104479805083819,0.796213242555227,0.858328930019526,0.091489881037385,0.06263627642918,NA,NA,-0.053662398919227,-0.054038601327211,4.64968215625665,4.67156191136941,0.250086034421755,-0.170414893841552,2.81633474161919,2.7847265403456,-0.524225730679464,-0.293839148124659,5.09223950818082,4.95628016203386,-0.599399878210562,0.007100910297809,7.58713983265874,8.58574227498877,-0.183553413891803,1.52999058589027,-0.180714135896471,-1.84292791893943,0.063553499516367,0.758284084134293,0.328429122718271,-0.364500292123746,-0.500217371915369,2.84864720532732
26,16.14632180534,19.3176606049772,16.3288387370673,15.4856619257074,11.7967633760078,12.9741261186994,8.71368393772236,9.99301623382025,4.84483911730575,5.7205776347954,2.32730510127386,2.19020318072754,29.8534280338149,33.6007968470994,42.7874728003923,35.2142836285346,34.950163426063,35.334575997977,38.3968013157413,34.7226539447261,34.8011054900147,34.1342673550618,40.6483606655236,34.3330112697929,35.5333199127081,38.8675105874729,35.2718147617462,34.9135527049283,34.5343702360335,35.1306019802267,40.4574619053214,35.0103096107842,34.9423182715341,35.4731737279869,44.7487614326068,36.6237963922194,34.3748520939467,36.0615603176512,34.249329621485,35.3293458949578,39.6232604737528,34.1264222005329,34.1447275611002,32.3115764528571,95.8443454167174,98.7975618301727,0.17946567072819,-0.014008297963301,92.8013855136205,95.2611661168205,0.030742896164326,-0.065503235486885,74.9404742020903,77.4713106604962,-0.016503485374383,0.049675708385359,24.5239383020929,29.5369480147289,-0.032948873436892,-0.045117294168665,4.39399973410454,4.68277499010347,0.049115948136414,-0.13776131014781,0.968761313693328,1.02943539160082,-0.046305067838872,-0.154914158168272,NA,NA,0.488660114481297,0.27807682564824,7.99336918861435,8.15128151615514,0.240050875518751,-0.486234432107359,5.2389018482539,5.44887729528309,-0.380655983295455,-0.414022223292489,12.7063562477571,12.6768092443762,-0.275247935339455,0.104889924584187,15.4876792313092,16.0633794909721,3.69272971409433,3.1049367770234,0.132478281890181,1.80688085473734,1.27849957660582,1.95020355672756,0.502035353473565,-0.366288152032136,2.94608883137425,-1.42866887249238
27,16.1343253872922,19.2396838876664,16.431665177477,15.6219069592503,12.2114966856605,13.4282762305091,9.42490015055642,10.8421912542041,5.63917336947102,6.76512289195772,2.78831030911088,2.67091678964309,30.9386744103069,34.9083226019091,44.4741810240968,36.5348846408923,36.2707644384208,36.5767254650463,39.8743054186763,35.9517281542472,36.1478570174687,35.3633415645828,42.1650905411028,35.5490102217658,36.8016198948735,40.3842404630521,36.5139642288154,36.1818526870937,35.7895949606508,36.3204504171035,41.8957402356121,36.2916848504978,36.1975429961515,36.7937747403446,46.4616201714075,37.9705479196734,35.6170015610159,37.3037097847205,35.4391780583618,36.5191943318346,40.9830872587549,35.3162706374097,35.3215007404289,33.2922207689643,96.5629706173378,99.4806745485784,0.013264484550984,-0.011426572262119,95.0529795925094,97.1147585473742,-0.072082806951034,0.138932736657766,83.9379355252443,85.0456298755971,-0.026523340745682,-0.039479129447314,39.4098352629937,46.2247678653691,-0.069208740560804,-0.12791351501393,7.9533641664813,8.51746175817844,0.005556305467498,0.040852124677044,1.35860831117189,1.48240953739365,0.046445412222702,-0.042030952554686,NA,NA,0.342963242979552,-0.457871487207675,11.1827128006331,11.4341864004683,-0.091580064614197,-0.358623380875221,9.19695202717708,9.38417450955528,-0.479825475954526,-0.015774914677616,22.4416875204113,21.4669098636243,-0.011573212267886,-0.096295201956971,23.2639867354234,23.9565997971572,5.68969663720251,6.01677191897051,0.577760940935593,1.34720488413354,1.86470624763474,2.42018925522033,1.27631778377991,-0.90181815964746,-1.10683833039184,-1.54289501569656
28,16.0469229129439,19.1257179162123,16.582477290078,15.7178783036327,12.5379706339614,13.7607483878339,9.97073717173147,11.4343001735635,6.33839316425728,7.68370575961809,3.34785752234057,3.33757487829959,31.8147166660293,36.1504720689783,46.0824377025127,37.711657820221,37.4475376177496,37.8842512198559,41.2602827187745,37.1023508184798,37.272329166605,36.5139642288154,43.5379925836531,36.647331855806,37.9260920440098,41.6656157027655,37.7430384383365,37.2670990635857,36.9140671097871,37.4841483388842,43.3078680508066,37.4815332873746,37.4789182358649,38.048999464962,48.2137046828525,39.2126973867426,36.6891726799599,38.3758809036644,36.406747116921,37.5782901932305,42.3167635286608,36.4668933016422,36.406747116921,34.1682630246868,97.0420540844181,99.5126330919464,-0.029775196118605,0.097658563606589,96.1967455952598,98.0575339914906,-0.075910922050386,-0.014625822743231,88.7026883808323,89.4373864680418,-0.149665908025501,0.023686936401892,55.7612720983189,63.2673287984497,-0.061053592013822,0.053763770529198,14.2057365952522,15.2667908773506,0.139312506528087,0.030070976171026,2.03815811055511,2.23988083628908,-0.058174583802824,0.111747212447036,NA,NA,-0.155965945510055,-0.069451678421391,13.0341868689096,13.3931657278046,-0.039980856676975,-0.124275965572556,14.4227012244846,14.5745712980375,-0.203157744157606,0.316040239657034,29.6657138874424,28.4061241868278,0.140708805384012,0.162543628974183,29.2640412227942,30.3506213533263,10.7363340674291,11.6969208599093,0.110493796851428,0.440262318323799,4.10746567735825,5.74381751415523,2.31694997718786,0.768713846086292,0.176522998921428,2.91427736827791
29,16.0563486699815,19.118862820185,16.7358600636892,15.8626922072098,12.8593032602419,14.1189271552612,10.4882969217939,12.0324073019468,7.0590351341289,8.56544248613164,3.91340294459416,4.10277497234877,32.6907589217519,37.2226431879223,47.468415002611,38.7315279089726,38.4935582215973,38.969497596348,42.3847548679109,38.1483714223275,38.2529734827123,37.5992106053074,44.753991535626,37.7064277172018,39.0505641931462,42.9469909424791,38.8021342997324,38.2608186372412,37.9993134862792,38.5170936851838,44.6415443207124,38.5014033761261,38.5249388397127,39.1211705839059,49.5735314678546,40.2717932481385,37.6828922536153,39.3826757348678,37.3612409179321,38.5458592517896,43.5066119655376,37.5259891630381,37.4266172056725,35.0312300228612,97.8629397515824,99.5445915496258,-0.026298647888219,-0.006908446534062,97.7998930049757,98.9683509779278,-0.134392873733358,0.055034873436979,92.274775065962,92.3187744141246,0.053597170708771,0.046888953502817,70.8391322447217,77.6007267759098,-0.019683816207209,-0.042681332570696,24.9016297833138,26.3831431540038,0.202313928307186,0.021560352597333,3.46220313758156,3.80662262189778,-0.061268947534588,0.138381343162959,NA,NA,0.50042379364122,0.360619792583806,12.9940648052946,13.3858573860439,-0.16412382698476,0.030054867967526,20.1778827420116,20.0423073267124,0.597686113072427,0.504166157054267,33.7053429532373,32.597522644194,0.618223919261045,0.514616988681809,34.1544581215854,35.364729184138,21.0596621687886,23.5819944661779,-0.484084105257329,-0.194543590476223,8.79264123804151,11.2243670637517,3.98745751958481,0.294832080357395,-0.261351214751812,2.56406666838393
30,15.9800857266776,18.9757626906148,16.7187223236209,15.8481251281517,13.0615285930477,14.3177249400534,10.9021733444431,12.4882711877634,7.72655010978882,9.39148155742325,4.48751723688189,4.86454751838429,33.5014248897339,38.2555885342219,48.7236397272282,39.7383227401761,39.4480520226083,39.9501419124553,43.1823455783448,39.0636394506943,39.155166253531,38.5144786336742,45.9830657451472,38.5693947153762,40.0312085092535,43.7184311378168,39.7566281007434,39.2153124382522,39.0191835750308,39.5892648041278,45.7790917273968,39.5212734648777,39.5578841860124,40.0887396424651,50.985659283049,41.29166333689,38.5458592517896,40.2979437632347,38.2765089462988,39.4872777952526,44.7095356599625,38.5458592517896,38.3811110066837,35.8811217634875,97.5211375514983,99.5445915496258,0.04192560787869,-0.075260668742034,97.9139571756804,98.871143831109,-0.029304071015719,0.11324495524074,93.5383804864427,93.8280192617504,0.015416015007035,0.008851380714943,79.3461940338907,86.5868319726916,0.034347350012388,-0.007091077993953,39.299799917913,41.6466289239247,0.153949147687459,-0.085582478362196,5.89392717805441,6.59733887263024,0.134803868334238,-0.013136325764008,NA,NA,0.879434927052673,0.740546708381376,11.5250683623703,11.9532577945024,0.049553868886791,0.38514213325768,26.0158906680771,25.9468544434333,0.878542440396777,1.09999048597909,35.5212673736211,34.5739632151498,2.01766969791335,1.01988342670197,38.9495807880753,40.215388325852,40.6141650742524,42.8611535498253,-0.896188862218571,-0.306491915467929,20.5724262905188,17.6384861994934,7.87031411241615,0.109663493876618,2.41837750393915,4.50706036888323
31,15.8429838061312,18.8009577419182,16.7212929846311,15.850695789162,13.2286215587135,14.4659663916441,11.218364648703,12.8147451360643,8.26296137392631,10.0547120980661,4.96480329778379,5.47036662979836,34.1028867369463,39.1577813050405,49.8742623914608,40.5620639657062,40.2979437632347,40.8131089106296,44.0976136067116,39.8481549035801,39.9527569639649,39.3905208893967,47.0683121216392,39.4062111984545,40.8549497347835,44.6467744237317,40.6195950989178,40.1175052090709,39.8560000581089,40.3868555145617,46.8643381038889,40.3973157206002,40.3816254115424,40.9124808679952,52.1101314321854,42.0631035322277,39.278073674483,41.0432334434762,39.0348738840885,40.337169535879,45.7817067789065,39.3434499622235,39.2571532624061,36.4695083531519,97.6233980180423,100,0.13283556482725,0.096329744501563,98.4483395884599,99.423759428302,-0.082228030788253,-0.123039769678017,95.0901765431954,94.7877327055747,-0.011222714602478,0.060837589064094,85.2741664208372,91.8709469287583,0.211357957425275,0.030096448188821,56.142257050444,58.6401879339657,-0.008958483952288,0.032170754332913,10.6043003049071,11.8290073741433,0.023497378252827,-0.015635258152242,NA,NA,2.08788515957352,1.80648919758043,9.56886323239226,9.83775933439932,0.654388216097756,0.324058265243526,31.5036648037289,31.5240441147766,2.01819265571924,2.72325315097221,36.5022609116037,35.5615094465829,4.29507137602576,3.24127294556546,45.5317006925145,46.4898139526328,61.9851896303048,67.8061146105792,-1.00890592104899,1.09798807973747,34.17417025936,25.6391890798827,15.2223595019235,0.65999643590611,0.098209858318114,0.440188014236355
32,15.8181340830322,18.732406781645,16.7915577189111,15.8926832523293,13.3905732023589,14.637343792327,11.5371266139732,13.1720670164882,8.77795046297845,10.6579605484699,5.50635588394177,6.12931273542413,34.6520475539664,39.9684472730226,50.8941324802124,41.3204289034958,40.9778571557357,41.532248075775,44.7906022567608,40.4888425234368,40.6065198413697,40.0181332517054,47.9705048924579,40.151500878696,41.5479383848327,45.5620424520985,41.4433363244479,40.9281711770529,40.666666026091,41.1844462249956,47.6750040718709,41.1426054008417,41.1661408644283,41.6054695180443,53.1300015209369,42.8083932124693,39.9056860367917,41.7492973510734,39.7017120190414,41.01708292838,46.6446737770809,40.1541159302056,39.9501419124552,36.9794433975276,97.589778142152,99.7070472142065,-0.021038707718428,-0.080482860153901,98.6780303776314,99.4890080317527,0.039118752557391,0.068790231095014,96.1010607938913,95.2552278041982,0.151463432249762,0.096628045085379,88.6769911107982,94.054304867659,0.085393702620844,0.000809208545263,70.8171322364544,72.4912381333061,-0.000294927059106,0.113433169456898,18.6135340524187,20.7450038072175,-0.092642783334976,0.081991346501587,NA,NA,3.8299622177065,3.54480116227083,7.74123237114406,7.9952059459934,1.49274657505851,1.31229944388105,36.3251807112595,36.8433718852575,5.23657071699476,5.72992180655533,37.3716594898082,36.4223462420297,9.15184205106716,7.58324798881884,53.2146291806325,54.3070328979545,76.900887543395,84.2781396218078,1.48510658795894,3.64166885980952,46.7225149650272,35.25488851649,23.2772673320861,1.41625069549425,-0.970171251332431,-1.52565460113101
33,15.6861734845064,18.5653138159792,16.6827330694775,15.8061376649844,13.4848307727345,14.7513097637811,11.7821962969498,13.4265624565023,9.24324010583254,11.2243628577269,6.07961328922609,6.83367385223088,35.135832083246,40.6222101504274,51.8878520538677,41.9349660082564,41.6185447755924,42.0814088927951,45.4312898766175,41.1426054008417,41.325659006515,40.7634229319469,48.8203966330842,40.7398874683603,42.2409270348819,46.3465579049842,42.1101744594009,41.5034825091692,41.2681278733034,41.785908072208,48.5641215851415,41.7309919905061,41.7414521965446,42.1938561077087,54.0452695493037,43.4360055747779,40.4679221113599,42.3899849709301,40.2770233511577,41.6054695180443,47.468415002611,40.9386313830914,40.6300553049563,37.4893784419034,97.3166165327216,98.4393604409286,0.094556281814259,-0.048300573385439,98.8295949227101,99.0988480991405,-0.07923743924247,0.190088391788048,96.6065029620836,95.4674863412383,-0.09879286812905,0.081327720552458,90.734643726298,95.4783466128083,0.063748086079396,-0.022401677946709,80.3887310821029,81.3700054824316,-0.003890497999495,-0.015676350028751,30.848488259726,34.2747928446535,0.003314250664994,0.080694023790906,NA,NA,6.84064283415121,6.83843937508931,6.51849841838354,6.40981877834132,2.49437927240574,1.77025481309927,40.4046804900499,41.133651988135,12.0879811074418,13.0122561294305,37.968236343705,37.1863792759994,17.1928831884655,15.148090456574,60.5273903854762,61.8429925247516,75.8598964292818,85.8038887411841,4.31331687739249,7.34875682517583,54.3224897494591,45.8223936065342,30.7118873766036,1.50215743678274,-1.14626779961372,-1.56724028346252
34,15.5259356148679,18.3553765001427,16.6184665442214,15.7375867047113,13.4771187897037,14.7204618316582,11.9133000084722,13.5533817330076,9.54914876605152,11.5662607720893,6.51491188696067,7.34866294128301,35.5673155823332,41.2890482853804,52.6592922492055,42.4710515677283,42.1415550775163,42.6436449673632,45.9935259511856,41.6394651876694,41.8617445659871,41.2733579763226,49.6833636312586,41.3021235429285,42.8423888820943,47.0003207823891,42.7247115641614,42.1049443563816,42.0134175535449,42.4396709496129,49.3486370380273,42.2670775499781,42.4082903314975,42.7299416671807,54.9474623201224,44.0374674219904,41.0824592161205,43.0306725907869,40.8261841681777,42.2723076529972,48.279080970593,41.5139427152076,41.2184418946207,37.8816361683464,98.0338408944688,99.3168872815943,0.026221565374261,0.048761006908891,99.5936681246611,99.3585108248513,-0.101569333857551,0.135110317767694,97.6173872127794,96.2496928145781,-0.101162809213691,-0.154117342037805,92.1348814075585,97.1550617991363,-0.08151072368548,-0.156531829028924,86.5888667365699,87.0807072802909,0.038497391384125,-0.045297895894697,46.8617724452656,51.2998834198377,0.069313934924129,0.036252605310105,NA,NA,9.48351017379033,9.6699502371033,5.6863927945001,5.42002234678185,4.54638997663138,3.88208070748716,43.5563017841469,44.4440651168894,21.2965879849275,22.3761364817754,38.2673632582601,37.4180754797858,26.42938204141,23.4725615823673,66.9436848393481,68.4807568122289,62.4597122014513,70.9589669899036,11.1073366425772,12.5723623999889,55.0118009559186,56.3657923902682,35.3655998400406,3.18844882510986,-1.23401532158141,-1.52341457295779
35,15.4505295585674,18.2654033647841,16.6398887193068,15.7238765126566,13.5868003261408,14.827572707085,12.1163822282815,13.7478950827827,9.89276045442075,11.9681407766907,6.96820511176696,7.88164665740685,35.9334227936799,41.8905101325928,53.4176571869951,43.0071371272003,42.6776406369883,43.1797305268352,46.4903857380133,42.1755507471414,42.3455290952666,41.8748198235352,50.2194491907306,41.8643596174966,43.3523239264701,47.5494815994092,43.2477218660853,42.7456319762383,42.5102773403726,42.9365307364406,49.9631741427879,42.672410533969,42.9182253758732,43.1614251662679,55.6535262277196,44.5604777239142,41.5923942604962,43.5275323776146,41.3622697276498,42.7953179549212,49.089746938575,42.1154045624201,41.8722047720255,38.234668122145,97.7606792850384,98.9919760381215,0.091573273072746,0.060389936460509,99.479604039645,99.2932622214006,0.040202792947889,0.009716602580854,98.0134647213485,95.8788190948179,0.012549395155939,-0.096400160045254,93.5890607255048,97.7886891217174,-0.004624925953252,-0.108738997159907,89.934836793908,90.0050825052966,0.101302478307809,0.086011938697946,62.567594700084,67.7700990010226,-0.155091356128606,0.1145259627649,NA,NA,10.6563447595911,10.7255974947357,5.09140598610138,4.70251762004343,7.18398926028742,6.89873013516949,45.8196694809223,46.8492480937993,28.2838277451456,29.3018631778599,37.8171400614393,37.1531810812736,33.9894046056348,30.5355644370907,71.9568054398979,73.6145865201925,45.2062309190921,52.1198403604245,18.2854945893893,20.7588788299046,51.6647293461214,66.5605543704106,37.4025993967752,4.06544940342605,-2.16204004376641,1.18056974524961
36,15.358842649202,18.095739738108,16.5173538778185,15.6210500722469,13.5859434391374,14.7984385489689,12.1763643185205,13.8481508621822,10.1866726965919,12.2834751939473,7.42406899758349,8.42319924356483,36.1818526870937,42.3612194043244,54.0321942917556,43.3732443385471,43.0698983634312,43.5981387683743,46.7780414040714,42.5808837311324,42.7377868217095,42.2932280650742,50.8339862954911,42.2958431165839,43.7968826831053,47.9155888107559,43.7968826831053,43.2424917630661,42.9809866121041,43.3026379477873,50.525410217356,43.0254424877676,43.297407844768,43.5013818625184,56.4511169381535,45.0181117380976,41.9977272444872,43.9459406191537,41.8852800295736,43.2529519691046,49.7696603310761,42.6907158945364,42.3559893013051,38.509248530655,97.8629397515824,99.0252660982042,-0.095478334103491,0.043099286490737,99.4405410461317,99.6181735505621,0.059227885683402,0.078927151020634,98.2307161675801,96.6205666200271,0.07553845122165,0.113616777597966,94.1925339373697,98.4845129876204,-0.013856814533993,0.038264584111013,92.0093382928673,92.1025750537558,0.010979837739471,-0.026591199660277,73.9474324467475,80.1996030015093,0.044611786505463,0.035709570600693,NA,NA,10.6361957311369,10.7839281540013,4.70028832790009,4.35786774489509,11.6024012415504,10.8574140501587,47.81173113157,49.0018511169261,32.0315996490503,33.2185098429952,36.8439578876273,36.0346764241677,40.9611825127952,36.8727979989609,76.4091763345569,78.0914999202957,32.3827842597512,36.943436148874,29.9522724909236,34.4120815091262,46.5959138771025,75.9710799535264,38.1694161839016,7.88224343823914,-0.384650830851569,3.29535899780831
37,15.1780394914816,17.8738060042237,16.3811088442756,15.4976583437552,13.5285320099086,14.7564510858016,12.251770374821,13.89527964737,10.3357710351861,12.4539957076268,7.72397944877857,8.74795941785894,36.2864547474785,42.6096492977382,54.3198499578137,43.634749489509,43.3444787719412,43.8988696919806,46.8826434644562,42.8162383669981,43.0515930028638,42.6331847613248,51.2654697945783,42.6096492977382,44.0714630916154,48.1117176739773,44.149914636904,43.5301474291242,43.2555670206142,43.6295193864897,50.9045926862508,43.2477218660853,43.689665571211,43.7890375285765,57.052578785366,45.3580684343481,42.3899849709301,44.4166498908851,42.3036882711127,43.6582849530956,50.4103479509328,43.043747848335,42.7351717701999,38.6792268787803,97.589778142152,98.6990231666393,-0.013291896572465,0.014281654260511,99.1358492511462,99.5542565495147,0.065038475706435,0.034400591650658,97.7976911481317,96.8666919877919,-0.001988284892188,0.069232573065318,94.4127960560878,99.0533522835151,0.074646700620677,0.00640845703989,93.4496986797983,93.1689296275516,-0.056057825531664,-0.08396039714015,81.2620571627675,87.4455007012523,-0.059526672316186,-0.096355043533881,NA,NA,9.46635288372517,9.64496457216381,4.37517787119547,4.08926395851515,16.5017216381465,15.035829740805,49.487367925535,51.0308582292245,33.1302704373273,34.3630019838756,35.4513632571456,34.5372140544352,48.0481916690877,43.2935753543126,79.8981665540845,81.642271925924,24.7833543567105,27.6078687989294,45.9549254100549,51.626527946346,41.9225118462546,84.004063123774,38.5308909135673,13.0430531392728,0.684474414006672,-4.06738044804661
38,15.088066356123,17.7564124847559,16.3528315731629,15.4719517336528,13.5688056990691,14.8010092099792,12.3657363462751,14.0032474098003,10.5602754300807,12.7110618086511,8.05987915411707,9.10870884629646,36.4825836106999,42.8842297062482,54.633656138968,43.9485556706633,43.6321344379994,44.1603748429425,46.8826434644562,43.1038940330562,43.3523239264701,43.0385177453157,51.762329581406,42.8973049637963,44.3460435001254,48.2163197343621,44.4244950454141,43.7916525800862,43.503996914028,43.7079709317783,51.2837751551456,43.4438507293067,44.0034717523653,44.0243921644423,57.5102127995494,45.6326488428582,42.6776406369883,44.6912302993952,42.6567202249113,43.9459406191537,50.8810572226643,43.3444787719412,43.0620532089023,38.7969041967131,97.1106946750718,98.4726505866999,0.004976397687731,-0.092082648932194,98.9827220869281,99.0988480991405,-0.012171984979053,-0.047001805539777,98.0134647213485,96.6205666200271,-0.027398841864721,-0.106579810531224,94.6049635063136,99.0222539690098,-0.102958157149289,-0.176415419667532,94.4216233632421,93.7549315989264,-0.012211688420743,-0.006670491377773,85.3528871474264,90.9894080574538,-0.000220020181788,-0.031142326138879,NA,NA,7.8938729879275,8.30649725010931,4.21821320518073,3.88969619339768,21.3707110879214,19.3602824859267,51.0767618404101,52.7575588587849,32.6731025354044,34.2844778521817,33.7081477714516,32.5264394769711,56.3380941011857,50.4736241573271,82.6070088712342,84.6738991023809,19.7980057290914,21.7094457788136,65.745354880809,70.9693348659938,38.3452954046783,90.2013001843521,38.9102974372278,20.5035176355937,-0.722821051102528,-0.907662076036104
39,14.922687164464,17.5473320559227,16.1686008674288,15.3074294289972,13.5439559759701,14.7170342836446,12.3631656852648,13.9989629747832,10.7016617856441,12.857589486235,8.37178602335996,9.43175524658373,36.495658868248,42.9757565090849,54.8297850021895,44.0270072159519,43.6844354681918,44.1996006155868,46.7518908889752,43.2477218660853,43.4569259868548,43.1692703207967,51.6708027785693,42.9757565090849,44.3721940152217,48.2293949919102,44.4375703029622,43.7916525800862,43.4909216564799,43.6556699015859,51.4276029881747,43.483076501951,44.1211490702982,44.0897684521827,57.8632447533481,45.7895519334354,42.8737695002098,44.9658107079052,42.8789996032289,44.128994224827,51.2733149491072,43.6190591804513,43.2581820721237,38.783828939165,97.3166165327216,98.049200594005,0.005279377924634,-0.01385435687886,99.2889764153643,98.871143831109,0.131119879427457,0.058918364694751,98.5189068895408,96.0018816930116,-0.209210547319449,0.120232818261693,95.7568444003637,99.1492386247068,-0.095960382454446,-0.006551279237557,95.4732139453465,94.3395248480676,0.021945768411042,-0.071726057573175,88.1313410623673,93.4578334508765,0.110290621495065,-0.126469241519467,NA,NA,6.62164117494133,6.83476940631889,3.92715241035,3.63061171730196,25.9725127871228,23.4753944997803,52.2978297344014,54.1877554449613,31.5885889596723,33.3176670547436,31.6173460331981,30.4355326003309,64.1190675438584,57.7227523452231,84.746409742608,87.2080961421713,15.6210978801369,17.1268444731884,85.8144838171688,89.3116843049388,36.3212699744849,94.627969648862,39.1953751382155,30.8622290257578,0.593951729858873,0.800860077236393
40,14.7581648598085,17.3365378530828,16.0931948111283,15.2208838416523,13.4608379366389,14.6364869053236,12.3443141711897,13.9466928675749,10.7813522769616,12.9167146894706,8.53802210202238,9.64854765844761,36.4041320654114,43.0803585694697,54.9474623201224,44.0531577310481,43.6582849530956,44.2388263882311,46.7126651163309,43.3261734113739,43.5092270170472,43.1823455783448,51.7361790663098,43.0149822817292,44.3460435001254,48.1509434466216,44.4767960756064,43.8701041253747,43.5170721715761,43.668745159134,51.6629576240405,43.5615280472396,44.2911274184235,44.128994224827,58.1770509345024,45.9987560542049,43.0568231058831,45.1488643135785,42.9313006334213,44.1682199974713,51.4302180396843,43.6975107257398,43.2058810419314,38.5484743032993,97.2815958179582,98.2449463186684,0.061144114054974,-0.045364864478436,99.1358492511462,99.2280137036386,-0.066625828342972,0.103736908428645,98.5189068895408,96.5379628842753,0.136047611270029,-0.066732491159287,95.7298735391765,99.1168445256749,0.089682739821593,-0.028861988419842,96.0946084347556,94.8889016694538,0.022270842733531,0.137038789827258,89.5028331837677,95.0710563950447,0.042880913407007,-0.09299994241493,NA,NA,5.69719962856302,5.73154270381304,3.67525330398592,3.56100577319708,29.7462221082429,26.826426597777,53.3791194649913,55.0980472169274,29.929358822652,31.8249655944534,29.1672571791489,28.1178443538459,70.5136352560575,64.0510542998732,86.6382495602929,89.2924758769758,12.3475486946167,12.9733882443626,95.5003629329469,100,34.9543403775043,97.3964393628366,39.2142365107832,42.2712457511944,-4.99962631712606,-2.92535164422361
41,NA,NA,NA,NA,NA,NA,NA,NA,NA,NA,NA,NA,NA,NA,NA,NA,NA,NA,NA,NA,NA,NA,NA,NA,NA,NA,NA,NA,NA,NA,NA,NA,NA,NA,NA,NA,NA,NA,NA,NA,NA,NA,NA,NA,NA,NA,NA,NA,NA,NA,NA,NA,NA,NA,NA,NA,NA,NA,NA,NA,NA,NA,NA,NA,NA,NA,NA,NA,NA,NA,5.16846507619976,5.13350042273788,3.51696869636631,3.3974353871466,33.082621126477,29.437702791409,54.331421143984,56.0520515311205,27.7285610881749,29.8625591353668,26.8760649482244,25.7471736557521,75.6301887368166,69.0847497214834,88.3329400097952,91.0939262484942,10.4661090409009,9.8656309789923,90.4662879656181,94.8227687363628,34.1394174292595,99.2025871512783,38.9109817822007,52.2200657986916,NA,NA
42,NA,NA,NA,NA,NA,NA,NA,NA,NA,NA,NA,NA,NA,NA,NA,NA,NA,NA,NA,NA,NA,NA,NA,NA,NA,NA,NA,NA,NA,NA,NA,NA,NA,NA,NA,NA,NA,NA,NA,NA,NA,NA,NA,NA,NA,NA,NA,NA,NA,NA,NA,NA,NA,NA,NA,NA,NA,NA,NA,NA,NA,NA,NA,NA,NA,NA,NA,NA,NA,NA,4.96548595492999,4.6908982872202,3.47449064535557,3.37940985276059,35.8353686472549,31.4769865987943,55.2367883153535,56.9165516346978,25.3045799564735,27.4938711911452,24.5758460563649,23.6277255501778,79.879745970684,72.9149529703007,89.8493323946186,92.7698696924901,9.17249618954268,7.11439728662676,71.5707201112613,75.1927986469738,33.4542644031747,100,38.5744130612533,57.7310564253022,NA,NA
43,NA,NA,NA,NA,NA,NA,NA,NA,NA,NA,NA,NA,NA,NA,NA,NA,NA,NA,NA,NA,NA,NA,NA,NA,NA,NA,NA,NA,NA,NA,NA,NA,NA,NA,NA,NA,NA,NA,NA,NA,NA,NA,NA,NA,NA,NA,NA,NA,NA,NA,NA,NA,NA,NA,NA,NA,NA,NA,NA,NA,NA,NA,NA,NA,NA,NA,NA,NA,NA,NA,4.67795523024488,4.46007527886949,3.55478894027148,3.18936057452313,37.975820270967,33.1046319012484,56.2739342437465,57.9287722213604,22.7559965800149,25.073937791789,22.6886379583017,21.6636362447589,83.1824003438384,75.9413845607104,90.9191211590309,94.1805393231369,7.58393263649864,5.6546255180307,49.8060967545676,52.087351711791,33.4326484999849,99.928566435247,38.6316560952588,58.5945890094423,NA,NA
44,NA,NA,NA,NA,NA,NA,NA,NA,NA,NA,NA,NA,NA,NA,NA,NA,NA,NA,NA,NA,NA,NA,NA,NA,NA,NA,NA,NA,NA,NA,NA,NA,NA,NA,NA,NA,NA,NA,NA,NA,NA,NA,NA,NA,NA,NA,NA,NA,NA,NA,NA,NA,NA,NA,NA,NA,NA,NA,NA,NA,NA,NA,NA,NA,NA,NA,NA,NA,NA,NA,4.55686490036968,3.9950661872878,3.57552838181115,3.00917545062512,39.5531641582479,34.2812436853995,56.9384173987379,58.6155977110525,20.6601054050969,22.5034637183863,20.9344413308112,19.8858810776442,85.5851196281572,78.4728225161234,91.7715671058084,95.3251510950936,5.4007963474541,5.41965172273844,35.2779299859911,35.0151584603265,33.3852694628844,99.1158029486161,39.0172858418443,56.830501810607,NA,NA
45,NA,NA,NA,NA,NA,NA,NA,NA,NA,NA,NA,NA,NA,NA,NA,NA,NA,NA,NA,NA,NA,NA,NA,NA,NA,NA,NA,NA,NA,NA,NA,NA,NA,NA,NA,NA,NA,NA,NA,NA,NA,NA,NA,NA,NA,NA,NA,NA,NA,NA,NA,NA,NA,NA,NA,NA,NA,NA,NA,NA,NA,NA,NA,NA,NA,NA,NA,NA,NA,NA,4.25920649372766,3.96586802021588,3.41429639898629,2.73443746133126,40.6982034039394,35.4348508239682,57.5437114537247,59.3413335082561,18.7675259072418,20.2033009855315,19.4930917168959,18.3545220429063,87.2586350360773,80.3786385096411,92.8035997280792,96.2127225424906,3.52098590526179,5.32183266229429,29.6757701432457,26.0699915594402,33.1043956628393,97.1467775972789,38.7736385362338,55.1127254334495,NA,NA
46,NA,NA,NA,NA,NA,NA,NA,NA,NA,NA,NA,NA,NA,NA,NA,NA,NA,NA,NA,NA,NA,NA,NA,NA,NA,NA,NA,NA,NA,NA,NA,NA,NA,NA,NA,NA,NA,NA,NA,NA,NA,NA,NA,NA,NA,NA,NA,NA,NA,NA,NA,NA,NA,NA,NA,NA,NA,NA,NA,NA,NA,NA,NA,NA,NA,NA,NA,NA,NA,NA,4.07187682560752,3.90351118802134,3.31849698904569,2.72510152127653,41.7823748138415,36.4834670989221,57.9467392700915,59.8944109111065,17.0114035008706,18.2934923949298,18.2119433974093,17.0412708409718,88.8806919831703,81.993970719581,93.7717974072243,97.2117893700499,2.59938426491976,4.26881958144308,26.9922571596462,18.6291348295648,32.8839364016022,95.3642453658457,38.9079275100601,54.2701309533253,NA,NA
47,NA,NA,NA,NA,NA,NA,NA,NA,NA,NA,NA,NA,NA,NA,NA,NA,NA,NA,NA,NA,NA,NA,NA,NA,NA,NA,NA,NA,NA,NA,NA,NA,NA,NA,NA,NA,NA,NA,NA,NA,NA,NA,NA,NA,NA,NA,NA,NA,NA,NA,NA,NA,NA,NA,NA,NA,NA,NA,NA,NA,NA,NA,NA,NA,NA,NA,NA,NA,NA,NA,3.92710166113982,3.91351769303853,3.24042446306079,2.92357679964493,42.6058304267072,37.366819355212,58.259941334714,60.6785962857174,15.4428366940046,16.9092965935062,16.9941774743061,16.094082325716,90.0798303555818,83.5153529066274,94.7692798689216,97.7936981332257,2.68468394996259,2.88806477955193,27.0388689351684,15.8293027210257,32.6386250295423,92.9068019086901,38.944985627532,54.2486103896347,NA,NA
48,NA,NA,NA,NA,NA,NA,NA,NA,NA,NA,NA,NA,NA,NA,NA,NA,NA,NA,NA,NA,NA,NA,NA,NA,NA,NA,NA,NA,NA,NA,NA,NA,NA,NA,NA,NA,NA,NA,NA,NA,NA,NA,NA,NA,NA,NA,NA,NA,NA,NA,NA,NA,NA,NA,NA,NA,NA,NA,NA,NA,NA,NA,NA,NA,NA,NA,NA,NA,NA,NA,3.80077582498318,3.85451378207387,3.37977766074316,3.18660408773425,43.5748634027735,37.8525463819685,58.6530988244395,61.1485498725108,14.5207000015367,15.8490937467472,16.1378284356845,15.0435901115537,91.0471263921484,84.8424994974678,95.1423755573452,98.5430423773115,2.09525474531436,1.46682711110478,24.1236984526865,14.2984764059395,32.4946748864652,90.7502569918447,39.1839346686408,54.1541624310993,NA,NA
49,NA,NA,NA,NA,NA,NA,NA,NA,NA,NA,NA,NA,NA,NA,NA,NA,NA,NA,NA,NA,NA,NA,NA,NA,NA,NA,NA,NA,NA,NA,NA,NA,NA,NA,NA,NA,NA,NA,NA,NA,NA,NA,NA,NA,NA,NA,NA,NA,NA,NA,NA,NA,NA,NA,NA,NA,NA,NA,NA,NA,NA,NA,NA,NA,NA,NA,NA,NA,NA,NA,3.90331742712382,3.72473277392509,3.46879565807872,2.99077146194757,44.2666994294022,38.3049028635364,59.1089012028106,61.7069222398048,13.7872683626422,14.9567550116185,15.4359394797536,14.1967949015894,91.9233115882085,86.0025480663534,95.5696675086936,99.1708162112547,1.63873635479503,1.18696649749348,23.037632794589,14.7321456085012,32.2218737059725,87.9180815919191,39.3653879725958,53.9017611458108,NA,NA
50,NA,NA,NA,NA,NA,NA,NA,NA,NA,NA,NA,NA,NA,NA,NA,NA,NA,NA,NA,NA,NA,NA,NA,NA,NA,NA,NA,NA,NA,NA,NA,NA,NA,NA,NA,NA,NA,NA,NA,NA,NA,NA,NA,NA,NA,NA,NA,NA,NA,NA,NA,NA,NA,NA,NA,NA,NA,NA,NA,NA,NA,NA,NA,NA,NA,NA,NA,NA,NA,NA,4.06988371170533,3.63819182490898,3.67238108958628,2.51205209948556,44.9524555941654,38.6613582529258,59.776232628602,61.9290781642705,12.8995462433702,14.2629990091897,15.080010132429,13.3343205190398,93.0179292134047,86.8764171355582,96.02141106471,100,1.22617497204209,1.12240736778693,19.6724816923679,13.5934188421385,32.0001828457004,85.2026071204532,39.9095943830196,53.0805391390196,NA,NA
